trade_date,daily_pnl,avg_pnl,trade_count,volume,win_rate,sentiment,sentiment_class,cumulative_pnl,sentiment_7d_ma,pnl_7d_ma,sentiment_lag1,sentiment_lag2,sentiment_lag3
2023-05-01,0.0,0.0,3,477.0,0.0,63.0,Greed,0.0,,,,,
2023-12-05,0.0,0.0,9,50005.83,0.0,75.0,Extreme Greed,0.0,,,63.0,,
2023-12-14,-205.4347,-18.6759,11,113203.35,0.3636,72.0,Greed,-205.4347,,,75.0,63.0,
2023-12-15,-24.632,-12.316,2,10609.95,0.0,70.0,Greed,-230.0667,,,72.0,75.0,63.0
2023-12-16,0.0,0.0,3,15348.77,0.0,67.0,Greed,-230.0667,,,70.0,72.0,75.0
2023-12-17,304.9828,21.7845,14,116278.02,0.5,73.0,Greed,74.9161,,,67.0,70.0,72.0
2023-12-18,0.0,0.0,2,31164.18,0.0,65.0,Greed,74.9161,69.28571428571429,10.7023,73.0,67.0,70.0
2023-12-19,1000.5386,66.7026,15,91602.41,0.6667,73.0,Greed,1075.4547,70.71428571428571,153.63638571428572,65.0,73.0,67.0
2023-12-20,162.7323,9.0407,18,141636.79,0.4444,74.0,Greed,1238.187,70.57142857142857,176.88385714285712,73.0,65.0,73.0
2023-12-21,537.2114,10.9635,49,125233.97,0.5306,70.0,Greed,1775.3984,70.28571428571429,282.9761571428572,74.0,73.0,65.0
2023-12-22,141.8327,14.1833,10,88874.28,0.2,74.0,Greed,1917.2311,70.85714285714286,306.7568285714286,70.0,74.0,73.0
2023-12-23,146.9367,11.3028,13,78438.25,0.6154,70.0,Greed,2064.1678,71.28571428571429,327.7477857142857,74.0,70.0,74.0
2023-12-24,1008.62,25.8621,39,402954.94,0.3846,71.0,Greed,3072.7878,71.0,428.2673857142857,70.0,74.0,70.0
2023-12-25,-245.0813,-81.6938,3,59948.51,0.0,73.0,Greed,2827.7065000000002,72.14285714285714,393.2557714285714,71.0,70.0,74.0
2023-12-27,-704.8892,-25.1746,28,171411.06,0.1429,73.0,Greed,2122.8173,72.14285714285714,149.6232285714286,73.0,71.0,70.0
2023-12-28,-970.7309,-42.2057,23,100117.25,0.0,73.0,Greed,1152.0864000000001,72.0,-12.300085714285697,73.0,73.0,71.0
2023-12-29,508.9221,10.1784,50,569559.72,0.3,65.0,Greed,1661.0085000000001,71.28571428571429,-16.341414285714272,73.0,73.0,73.0
2023-12-30,354.9986,6.8269,52,702550.21,0.4423,68.0,Greed,2016.0071000000003,70.42857142857143,14.11085714285716,65.0,73.0,73.0
2024-01-01,-129.5315,-7.1962,18,264239.53,0.0556,65.0,Greed,1886.4756000000002,69.71428571428571,-25.38459999999998,68.0,65.0,73.0
2024-01-02,783.9791,46.1164,17,121348.74,0.4706,71.0,Greed,2670.4547000000002,69.71428571428571,-57.47615714285712,65.0,68.0,65.0
2024-01-03,866.0155,12.9256,67,394499.36,0.4179,70.0,Greed,3536.4702,69.28571428571429,101.25195714285717,71.0,65.0,68.0
2024-01-04,-67.6036,-13.5207,5,99792.54,0.0,68.0,Greed,3468.8666000000003,68.57142857142857,192.29275714285717,70.0,71.0,65.0
2024-01-05,164.1416,2.487,66,1703942.66,0.197,72.0,Greed,3633.0082,68.42857142857143,354.4174,68.0,70.0,71.0
2024-01-06,135.5817,6.1628,22,298521.4,0.4545,70.0,Greed,3768.5899000000004,69.14285714285714,301.08305714285723,72.0,68.0,70.0
2024-01-07,-835.6812,-8.6153,97,1048850.06,0.0928,71.0,Greed,2932.9087000000004,69.57142857142857,130.98594285714287,70.0,72.0,68.0
2024-01-08,-269.8744,-2.1084,128,1522452.43,0.25,71.0,Greed,2663.0343000000003,70.42857142857143,110.93695714285718,71.0,70.0,72.0
2024-01-09,-826.3499,-11.805,70,870051.97,0.2571,76.0,Extreme Greed,1836.6844,71.14285714285714,-119.11004285714284,71.0,71.0,70.0
2024-01-10,-1517.0913,-7.8606,193,2057479.48,0.2124,73.0,Greed,319.59310000000005,71.57142857142857,-459.55387142857137,76.0,71.0,71.0
2024-01-11,-164.0895,-7.8138,21,305314.1,0.2381,76.0,Extreme Greed,155.50360000000006,72.71428571428571,-473.3375714285714,73.0,76.0,71.0
2024-01-12,-1925.519,-275.0741,7,200082.27,0.0,71.0,Greed,-1770.0154,72.57142857142857,-771.8605142857143,76.0,73.0,76.0
2024-01-15,152.8536,10.9181,14,50636.1,0.6429,52.0,Neutral,-1617.1618,70.0,-769.3931,71.0,76.0,73.0
2024-01-16,-2299.1715,-255.4635,9,116427.33,0.3333,64.0,Greed,-3916.3333000000002,69.0,-978.4631428571429,52.0,71.0,76.0
2024-01-17,813.2741,15.3448,53,800831.03,0.2075,60.0,Greed,-3103.0592,67.42857142857143,-823.7276428571429,64.0,52.0,71.0
2024-01-18,68.9332,1.4985,46,424631.53,0.0652,63.0,Greed,-3034.126,65.57142857142857,-695.8300571428572,60.0,64.0,52.0
2024-01-19,-385.4192,-8.0296,48,428428.97,0.125,51.0,Neutral,-3419.5452,62.42857142857143,-534.1626142857142,63.0,60.0,64.0
2024-01-20,-146.5749,-1.3828,106,1070090.51,0.1415,52.0,Neutral,-3566.1201,59.0,-531.6605285714285,51.0,63.0,60.0
2024-01-21,266.5811,24.2346,11,103129.74,0.2727,56.0,Greed,-3299.539,56.857142857142854,-218.5033714285714,52.0,51.0,63.0
2024-01-22,1375.641,16.184,85,337878.99,0.2706,55.0,Greed,-1923.8980000000001,57.285714285714285,-43.81945714285708,56.0,52.0,51.0
2024-01-23,-369.2447,-8.2054,45,414518.93,0.2444,50.0,Neutral,-2293.1427000000003,55.285714285714285,231.88437142857148,55.0,56.0,52.0
2024-01-24,-2808.3538,-41.2993,68,965084.59,0.1471,48.0,Neutral,-5101.4965,53.57142857142857,-285.4910428571428,50.0,55.0,56.0
2024-01-25,-3093.6294,-515.6049,6,66566.13,0.0,52.0,Neutral,-8195.1259,52.0,-737.2856999999998,48.0,50.0,55.0
2024-01-26,90.2,18.04,5,11773.21,0.2,49.0,Neutral,-8104.925899999999,51.714285714285715,-669.3400999999998,52.0,48.0,50.0
2024-01-28,-2478.0697,-225.2791,11,18109.03,0.0,54.0,Neutral,-10582.995599999998,52.0,-1002.4107857142857,49.0,52.0,48.0
2024-01-29,486.5625,6.5752,74,414208.18,0.6081,55.0,Greed,-10096.433099999998,51.857142857142854,-970.9848714285714,54.0,49.0,52.0
2024-01-30,-173.6542,-3.544,49,401011.38,0.102,61.0,Greed,-10270.0873,52.714285714285715,-1192.3127571428572,55.0,54.0,49.0
2024-01-31,-799.8408,-0.9311,859,6305647.13,0.2689,60.0,Greed,-11069.9281,54.142857142857146,-1253.8264857142856,61.0,55.0,54.0
2024-02-01,0.0,0.0,6,2008.18,0.0,63.0,Greed,-11069.9281,56.285714285714285,-852.6330857142857,60.0,61.0,55.0
2024-02-02,456.4235,10.8672,42,474278.43,0.3095,63.0,Greed,-10613.504599999998,57.857142857142854,-345.4826714285714,63.0,60.0,61.0
2024-02-03,223.3092,3.9877,56,603820.0,0.1071,60.0,Greed,-10390.195399999999,59.42857142857143,-326.46707142857133,63.0,63.0,60.0
2024-02-04,47.6239,1.3607,35,203187.53,0.2571,60.0,Greed,-10342.571499999998,60.285714285714285,34.34630000000008,60.0,63.0,63.0
2024-02-05,-33.4542,-0.4646,72,770198.26,0.1944,60.0,Greed,-10376.025699999998,61.0,-39.94179999999992,60.0,60.0,63.0
2024-02-06,-215.6159,-0.1982,1088,8047153.41,0.1645,64.0,Greed,-10591.641599999999,61.42857142857143,-45.93632857142849,60.0,60.0,60.0
2024-02-07,241.2421,16.0828,15,6758.73,0.1333,62.0,Greed,-10350.3995,61.714285714285715,102.78980000000008,64.0,60.0,60.0
2024-02-08,770.756,77.0756,10,26051.12,0.4,66.0,Greed,-9579.6435,62.142857142857146,212.89780000000005,62.0,64.0,60.0
2024-02-11,983.4432,28.9248,34,212311.82,0.2059,71.0,Greed,-8596.2003,63.285714285714285,288.18632857142865,66.0,62.0,64.0
2024-02-12,913.8818,57.1176,16,227247.7,0.375,70.0,Greed,-7682.3185,64.71428571428571,386.8395571428572,71.0,66.0,62.0
2024-02-13,559.4439,39.9603,14,1999.99,1.0,79.0,Extreme Greed,-7122.8746,67.42857142857143,459.95670000000007,70.0,71.0,66.0
2024-02-14,3830.5998,34.5099,111,320839.88,0.7477,74.0,Greed,-3292.2748,69.42857142857143,1011.9644142857144,79.0,70.0,71.0
2024-02-15,1840.7977,29.219,63,185188.04,0.9048,72.0,Greed,-1451.4771,70.57142857142857,1305.7377857142858,74.0,79.0,70.0
2024-02-16,5491.7688,30.1746,182,564896.51,0.8022,72.0,Greed,4040.2916999999998,72.0,2055.8130285714287,72.0,74.0,79.0
2024-02-17,1929.6418,20.5281,94,406118.07,0.6489,76.0,Extreme Greed,5969.9335,73.42857142857143,2221.3681428571426,72.0,72.0,74.0
2024-02-18,477.6248,4.924,97,157048.17,0.6289,72.0,Greed,6447.5583,73.57142857142857,2149.1083714285714,76.0,72.0,72.0
2024-02-19,4317.7686,42.7502,101,286377.2,0.7624,75.0,Extreme Greed,10765.3269,74.28571428571429,2635.3779142857143,72.0,76.0,72.0
2024-02-20,3263.6288,83.6828,39,119419.72,0.7949,72.0,Greed,14028.9557,73.28571428571429,3021.690042857143,75.0,72.0,76.0
2024-02-21,1858.7986,84.4908,22,108047.52,0.6818,78.0,Extreme Greed,15887.7543,73.85714285714286,2740.004157142857,72.0,75.0,72.0
2024-02-22,3894.1051,44.2512,88,373033.87,0.4545,74.0,Greed,19781.8594,74.14285714285714,3033.333785714286,78.0,72.0,75.0
2024-02-23,1418.5529,9.92,143,111106.14,0.958,76.0,Extreme Greed,21200.4123,74.71428571428571,2451.4458000000004,74.0,78.0,72.0
2024-02-25,-30.7705,-6.1541,5,4480.13,0.0,74.0,Greed,21169.6418,74.42857142857143,2171.3869,76.0,74.0,78.0
2024-02-26,4416.8473,113.2525,39,192187.14,0.8718,72.0,Greed,25586.489100000003,74.42857142857143,2734.1329714285716,74.0,76.0,74.0
2024-02-27,888.5117,14.1034,63,209362.3,0.4127,79.0,Extreme Greed,26475.0008,75.0,2244.239128571429,72.0,74.0,76.0
2024-02-28,2503.7472,55.6388,45,171107.13,0.8667,82.0,Extreme Greed,28978.748,76.42857142857143,2135.6846142857144,79.0,72.0,74.0
2024-02-29,9813.997,84.6034,116,395666.73,0.8621,80.0,Extreme Greed,38792.744999999995,76.71428571428571,3272.141528571429,82.0,79.0,72.0
2024-03-01,8244.2414,60.1769,137,472974.7,0.9343,80.0,Extreme Greed,47036.986399999994,77.57142857142857,3893.5895714285716,80.0,82.0,79.0
2024-03-02,230.9006,7.4484,31,63197.56,0.6774,80.0,Extreme Greed,47267.886999999995,78.14285714285714,3723.9249571428577,80.0,80.0,82.0
2024-03-03,8361.0862,105.8365,79,390745.68,0.6835,83.0,Extreme Greed,55628.97319999999,79.42857142857143,4922.761628571429,80.0,80.0,80.0
2024-03-04,27799.7757,92.6659,300,1577996.87,0.8867,82.0,Extreme Greed,83428.74889999999,80.85714285714286,8263.179971428572,83.0,80.0,80.0
2024-03-05,19791.026,109.9501,180,841810.32,0.9056,90.0,Extreme Greed,103219.77489999999,82.42857142857143,10963.539157142857,82.0,83.0,80.0
2024-03-06,6814.8251,83.1076,82,327218.02,0.878,75.0,Extreme Greed,110034.59999999999,81.42857142857143,11579.407428571429,90.0,82.0,83.0
2024-03-08,4271.8862,63.7595,67,183583.18,0.8806,81.0,Extreme Greed,114306.48619999998,81.57142857142857,10787.677314285715,75.0,90.0,82.0
2024-03-09,9949.5016,85.0385,117,658178.75,0.8291,84.0,Extreme Greed,124255.98779999999,82.14285714285714,11031.285914285714,81.0,75.0,90.0
2024-03-10,2482.9272,59.1173,42,219973.85,0.6905,79.0,Extreme Greed,126738.915,82.0,11353.004,84.0,81.0,75.0
2024-03-11,3588.1795,85.4328,42,176519.45,0.9286,82.0,Extreme Greed,130327.09449999999,81.85714285714286,10671.160185714285,79.0,84.0,81.0
2024-03-12,3039.166,379.8958,8,103040.85,0.875,81.0,Extreme Greed,133366.2605,81.71428571428571,7133.930228571428,82.0,79.0,84.0
2024-03-13,0.0,0.0,7,6000.8,0.0,81.0,Extreme Greed,133366.2605,80.42857142857143,4306.6408,81.0,82.0,79.0
2024-03-14,3465.8658,192.5481,18,205933.18,0.8889,88.0,Extreme Greed,136832.1263,82.28571428571429,3828.2180428571423,81.0,81.0,82.0
2024-03-15,6236.5137,100.5889,62,351894.41,0.6613,83.0,Extreme Greed,143068.64,82.57142857142857,4108.879114285714,88.0,81.0,81.0
2024-03-16,228.5798,28.5725,8,37223.66,0.125,81.0,Extreme Greed,143297.21980000002,82.14285714285714,2720.176,83.0,88.0,81.0
2024-03-17,503.294,21.8823,23,99506.95,0.4348,79.0,Extreme Greed,143800.51380000002,82.14285714285714,2437.3712571428573,81.0,83.0,88.0
2024-03-18,1456.9577,76.682,19,90458.08,0.3158,77.0,Extreme Greed,145257.4715,81.42857142857143,2132.911,79.0,81.0,83.0
2024-03-19,668.798,27.8666,24,219884.84,0.2083,79.0,Extreme Greed,145926.26950000002,81.14285714285714,1794.2869999999998,77.0,79.0,81.0
2024-03-20,6423.1346,93.0889,69,215705.85,0.8696,74.0,Greed,152349.4041,80.14285714285714,2711.877657142857,79.0,77.0,79.0
2024-03-21,2335.5081,83.411,28,117895.57,0.8214,78.0,Extreme Greed,154684.91220000002,78.71428571428571,2550.3979857142854,74.0,79.0,77.0
2024-03-24,1297.0185,68.2641,19,92592.21,0.7895,74.0,Greed,155981.93070000003,77.42857142857143,1844.7558142857142,78.0,74.0,79.0
2024-03-25,1302.9164,186.1309,7,57116.32,0.8571,75.0,Extreme Greed,157284.8471,76.57142857142857,1998.2324714285714,74.0,78.0,74.0
2024-03-26,3215.9066,27.2534,118,198565.19,0.9322,81.0,Extreme Greed,160500.7537,76.85714285714286,2385.7485571428574,75.0,74.0,78.0
2024-03-27,150.4111,3.9582,38,99864.79,0.3158,83.0,Extreme Greed,160651.1648,77.71428571428571,2199.0990428571426,81.0,75.0,74.0
2024-03-28,227.851,17.527,13,35323.72,0.6923,80.0,Extreme Greed,160879.0158,77.85714285714286,2136.1066142857144,83.0,81.0,75.0
2024-03-29,883.0974,58.8732,15,86914.37,0.4,79.0,Extreme Greed,161762.1132,78.57142857142857,1344.6727285714285,80.0,83.0,81.0
2024-03-30,1100.5751,24.4572,45,101103.92,0.9778,75.0,Extreme Greed,162862.68829999998,78.14285714285714,1168.2537285714284,79.0,80.0,83.0
2024-03-31,912.7861,70.2143,13,39912.96,0.7692,75.0,Extreme Greed,163775.47439999998,78.28571428571429,1113.3633857142856,75.0,79.0,80.0
2024-04-01,2507.9634,32.571,77,339470.47,0.5455,79.0,Extreme Greed,166283.43779999999,78.85714285714286,1285.5129571428572,75.0,75.0,79.0
2024-04-02,883.7608,21.5551,41,239664.51,0.2927,79.0,Extreme Greed,167167.19859999997,78.57142857142857,952.3492714285715,79.0,75.0,75.0
2024-04-03,126.7884,31.6971,4,16887.57,0.25,71.0,Greed,167293.98699999996,76.85714285714286,948.9746000000001,79.0,79.0,75.0
2024-04-04,0.0,0.0,32,95987.73,0.0,70.0,Greed,167293.98699999996,75.42857142857143,916.4244571428572,71.0,79.0,79.0
2024-04-05,10706.4843,107.0648,100,503791.8,0.9,79.0,Extreme Greed,178000.47129999998,75.42857142857143,2319.765442857143,70.0,71.0,79.0
2024-04-06,236.3351,14.7709,16,68223.67,0.25,75.0,Extreme Greed,178236.80639999997,75.42857142857143,2196.302585714286,79.0,70.0,71.0
2024-04-07,0.0,0.0,23,49988.14,0.0,78.0,Extreme Greed,178236.80639999997,75.85714285714286,2065.9045714285717,75.0,79.0,70.0
2024-04-08,1218.4267,40.6142,30,211940.64,0.0333,76.0,Extreme Greed,179455.23309999998,75.42857142857143,1881.6850428571431,78.0,75.0,79.0
2024-04-09,0.0,0.0,3,57063.84,0.0,80.0,Extreme Greed,179455.23309999998,75.57142857142857,1755.4335000000003,76.0,78.0,75.0
2024-04-10,5207.4434,127.0108,41,351735.97,0.878,78.0,Extreme Greed,184662.67649999997,76.57142857142857,2481.2413571428574,80.0,76.0,78.0
2024-04-11,389.7432,24.3589,16,76400.96,0.125,76.0,Extreme Greed,185052.41969999997,77.42857142857143,2536.9189571428574,78.0,80.0,76.0
2024-04-12,-592.6458,-4.5942,129,442088.59,0.5504,79.0,Extreme Greed,184459.77389999997,77.42857142857143,922.7575142857143,76.0,78.0,80.0
2024-04-13,6621.4518,74.3983,89,486411.25,0.6854,72.0,Greed,191081.22569999998,77.0,1834.9170428571429,79.0,76.0,78.0
2024-04-14,-36104.0125,-337.4207,107,659162.17,0.3084,72.0,Greed,154977.2132,76.14285714285714,-3322.799028571428,72.0,79.0,76.0
2024-04-15,3774.0887,92.0509,41,291111.19,0.8537,74.0,Greed,158751.3019,75.85714285714286,-2957.7044571428564,72.0,72.0,79.0
2024-04-16,2467.7022,52.5043,47,181907.17,0.9149,65.0,Greed,161219.0041,73.71428571428571,-2605.175571428571,74.0,72.0,72.0
2024-04-17,2441.4684,174.3906,14,97562.99,0.9286,67.0,Greed,163660.4725,72.14285714285714,-3000.3148571428565,65.0,74.0,72.0
2024-04-19,1946.4455,55.6127,35,337257.92,0.7714,66.0,Greed,165606.918,70.71428571428571,-2777.928814285714,67.0,65.0,74.0
2024-04-20,0.0,0.0,22,60733.24,0.0,66.0,Greed,165606.918,68.85714285714286,-2693.265128571428,66.0,67.0,65.0
2024-04-22,0.0,0.0,9,47993.61,0.0,73.0,Greed,165606.918,69.0,-3639.186814285714,66.0,66.0,67.0
2024-04-23,1119.5362,16.9627,66,233054.9,0.5303,71.0,Greed,166726.4542,68.85714285714286,1678.463,73.0,66.0,66.0
2024-04-24,279.1859,13.9593,20,141275.24,0.3,72.0,Greed,167005.64010000002,68.57142857142857,1179.1911714285714,71.0,73.0,66.0
2024-04-25,0.0,0.0,74,120241.01,0.0,72.0,Greed,167005.64010000002,69.57142857142857,826.6622857142858,72.0,71.0,73.0
2024-04-26,0.0,0.0,3,4988.29,0.0,70.0,Greed,167005.64010000002,70.0,477.88108571428575,72.0,72.0,71.0
2024-04-27,4281.4881,158.5736,27,154264.47,0.7037,67.0,Greed,171287.1282,70.14285714285714,811.4585999999999,70.0,72.0,72.0
2024-04-28,0.0,0.0,58,43985.6,0.0,65.0,Greed,171287.1282,70.0,811.4585999999999,67.0,70.0,72.0
2024-04-29,526.9338,11.7096,45,108699.01,0.3778,67.0,Greed,171814.062,69.14285714285714,886.7348571428571,65.0,67.0,70.0
2024-04-30,0.0,0.0,24,125018.75,0.0,67.0,Greed,171814.062,68.57142857142857,726.8011142857142,67.0,65.0,67.0
2024-05-01,0.0,0.0,14,87025.45,0.0,54.0,Neutral,171814.062,66.0,686.9174142857142,67.0,67.0,65.0
2024-05-03,5306.017,147.3894,36,282682.65,0.4722,48.0,Neutral,177120.079,62.57142857142857,1444.9198428571428,54.0,67.0,67.0
2024-05-04,0.0,0.0,9,58998.75,0.0,67.0,Greed,177120.079,62.142857142857146,1444.9198428571428,48.0,54.0,67.0
2024-05-05,0.916,0.1527,6,24068.35,0.1667,69.0,Greed,177120.995,62.42857142857143,833.4095428571428,67.0,48.0,54.0
2024-05-06,968.5904,107.6212,9,206016.43,0.4444,71.0,Greed,178089.58539999998,63.285714285714285,971.7796,69.0,67.0,48.0
2024-05-07,883.5377,49.0854,18,108717.58,0.5,68.0,Greed,178973.12309999997,63.42857142857143,1022.7230142857143,71.0,69.0,67.0
2024-05-08,1.5658,0.1204,13,65973.57,0.0769,64.0,Greed,178974.68889999998,63.0,1022.9467000000001,68.0,71.0,69.0
2024-05-09,1147.5959,40.9856,28,221966.12,0.3929,55.0,Greed,180122.28479999996,63.142857142857146,1186.8889714285713,64.0,68.0,71.0
2024-05-10,2101.7417,95.5337,22,156882.0,0.2727,66.0,Greed,182224.02649999998,65.71428571428571,729.1353571428572,55.0,64.0,68.0
2024-05-11,251.6047,27.9561,9,63248.95,1.0,53.0,Neutral,182475.63119999997,63.714285714285715,765.0788857142858,66.0,55.0,64.0
2024-05-12,0.0,0.0,23,55179.56,0.0,56.0,Greed,182475.63119999997,61.857142857142854,764.9480285714286,53.0,66.0,55.0
2024-05-13,2136.8539,76.3162,28,193118.9,0.3571,57.0,Greed,184612.48509999996,59.857142857142854,931.8428142857143,56.0,53.0,66.0
2024-05-14,1150.5233,50.0228,23,145853.4,0.1739,66.0,Greed,185763.00839999996,59.57142857142857,969.9836142857142,57.0,56.0,53.0
2024-05-15,948.9706,26.3603,36,234922.57,0.4722,64.0,Greed,186711.97899999996,59.57142857142857,1105.3271571428572,66.0,57.0,56.0
2024-05-16,214.5898,7.9478,27,162620.96,0.1852,70.0,Greed,186926.56879999995,61.714285714285715,972.0405714285714,64.0,66.0,57.0
2024-05-18,3522.3947,140.8958,25,126303.14,0.64,73.0,Greed,190448.96349999995,62.714285714285715,1174.991,70.0,64.0,66.0
2024-05-19,0.0,0.0,8,29998.09,0.0,72.0,Greed,190448.96349999995,65.42857142857143,1139.0474714285715,73.0,70.0,64.0
2024-05-20,-74.8184,-7.4818,10,38124.75,0.0,70.0,Greed,190374.14509999997,67.42857142857143,1128.3591285714285,72.0,73.0,70.0
2024-05-21,7289.3976,58.3152,125,1100948.59,0.112,76.0,Extreme Greed,197663.54269999996,70.14285714285714,1864.4368,70.0,72.0,73.0
2024-05-22,0.0,0.0,6,44995.29,0.0,76.0,Extreme Greed,197663.54269999996,71.57142857142857,1700.0763285714286,76.0,70.0,72.0
2024-05-23,413.3473,1.2718,325,401850.6,0.4462,76.0,Extreme Greed,198076.88999999996,73.28571428571429,1623.5587142857144,76.0,76.0,70.0
2024-05-24,821.9493,410.9746,2,50811.9,1.0,74.0,Greed,198898.83929999996,73.85714285714286,1710.3243571428573,76.0,76.0,76.0
2024-05-25,14.126,0.8829,16,29991.13,0.3125,76.0,Extreme Greed,198912.96529999995,74.28571428571429,1209.1431142857143,74.0,76.0,76.0
2024-05-26,778.6839,48.6677,16,53976.67,0.25,75.0,Extreme Greed,199691.64919999996,74.71428571428571,1320.3836714285715,76.0,74.0,76.0
2024-05-27,1129.3559,4.4994,251,151115.72,0.3586,74.0,Greed,200821.00509999995,75.28571428571429,1492.4085714285716,75.0,76.0,74.0
2024-05-29,277.792,1.6939,164,84268.76,0.4146,72.0,Greed,201098.79709999994,74.71428571428571,490.75062857142854,74.0,75.0,76.0
2024-05-30,20.9514,2.9931,7,2838.09,0.7143,73.0,Greed,201119.74849999993,74.28571428571429,493.7436857142857,72.0,74.0,75.0
2024-05-31,25.3581,1.9506,13,3636.14,0.3077,73.0,Greed,201145.10659999994,73.85714285714286,438.3166571428571,73.0,72.0,74.0
2024-06-01,91.5104,3.6604,25,12834.62,0.36,72.0,Greed,201236.61699999994,73.57142857142857,333.9682428571428,73.0,73.0,72.0
2024-06-02,192.9069,2.0743,93,29464.51,0.3656,73.0,Greed,201429.52389999994,73.14285714285714,359.5083714285714,72.0,73.0,73.0
2024-06-03,562.8082,8.0401,70,21466.86,0.6286,73.0,Greed,201992.33209999994,72.85714285714286,328.66898571428567,73.0,72.0,73.0
2024-06-04,52.2114,0.9851,53,24243.41,0.4717,73.0,Greed,202044.54349999994,72.71428571428571,174.79119999999998,73.0,73.0,72.0
2024-06-05,56.0555,1.0381,54,25350.77,0.2963,75.0,Extreme Greed,202100.59899999993,73.14285714285714,143.11455714285714,73.0,73.0,73.0
2024-06-06,274.1732,1.1717,234,137557.76,0.4274,78.0,Extreme Greed,202374.77219999992,73.85714285714286,179.28910000000002,75.0,73.0,73.0
2024-06-07,8902.4674,20.2329,440,1098588.76,0.4,77.0,Extreme Greed,211277.2395999999,74.42857142857143,1447.4475714285713,78.0,75.0,73.0
2024-06-08,129.1388,4.4531,29,97351.88,0.2759,72.0,Greed,211406.3783999999,74.42857142857143,1452.8230571428574,77.0,78.0,75.0
2024-06-09,0.0,0.0,17,22410.22,0.0,75.0,Extreme Greed,211406.3783999999,74.71428571428571,1425.2649285714285,72.0,77.0,78.0
2024-06-10,31.2668,0.5899,53,46587.93,0.3396,72.0,Greed,211437.6451999999,74.57142857142857,1349.3304428571428,75.0,72.0,77.0
2024-06-11,4320.6318,35.1271,123,373279.92,0.1382,74.0,Greed,215758.2769999999,74.71428571428571,1959.1047857142855,72.0,75.0,72.0
2024-06-12,-21886.5315,-86.1674,254,193407.96,0.0827,72.0,Greed,193871.7454999999,74.28571428571429,-1175.5505000000005,74.0,72.0,75.0
2024-06-13,6632.7571,83.959,79,132577.22,0.2405,70.0,Greed,200504.5025999999,73.14285714285714,-267.18137142857177,72.0,74.0,72.0
2024-06-14,10258.5926,330.9223,31,139868.66,0.4839,74.0,Greed,210763.0951999999,72.71428571428571,-73.44920000000015,70.0,72.0,74.0
2024-06-15,3369.9583,43.2046,78,718350.25,0.4872,74.0,Greed,214133.0534999999,73.0,389.52501428571384,74.0,70.0,72.0
2024-06-16,0.0,0.0,11,25235.08,0.0,71.0,Greed,214133.0534999999,72.42857142857143,389.5250142857139,74.0,74.0,70.0
2024-06-17,10599.5024,278.9343,38,368380.12,0.6579,71.0,Greed,224732.5558999999,72.28571428571429,1899.2729571428567,71.0,74.0,74.0
2024-06-18,282.5764,11.3031,25,263314.79,0.16,74.0,Greed,225015.13229999988,72.28571428571429,1322.4078999999997,71.0,71.0,74.0
2024-06-19,4887.6569,80.1255,61,417071.12,0.5082,64.0,Greed,229902.78919999988,71.14285714285714,5147.291957142857,74.0,71.0,71.0
2024-06-20,57478.456,1473.8066,39,207990.8,0.2051,60.0,Greed,287381.2451999999,69.71428571428571,12410.963228571429,64.0,74.0,71.0
2024-06-21,773.5582,9.6695,80,176264.49,0.0375,63.0,Greed,288154.8033999999,68.14285714285714,11055.958314285714,60.0,64.0,74.0
2024-06-22,756.8766,31.5365,24,169594.27,0.3333,53.0,Neutral,288911.67999999993,65.14285714285714,10682.660928571428,63.0,60.0,64.0
2024-06-23,0.0,0.0,5,1792.12,0.0,55.0,Greed,288911.67999999993,62.857142857142854,10682.660928571428,53.0,63.0,60.0
2024-06-24,0.0,0.0,31,403002.8,0.0,51.0,Neutral,288911.67999999993,60.0,9168.4463,55.0,53.0,63.0
2024-06-25,4869.3531,99.3746,49,103099.08,0.2245,30.0,Fear,293781.03309999994,53.714285714285715,9823.700114285715,51.0,55.0,53.0
2024-06-26,4197.7322,58.3018,72,365190.66,0.2917,46.0,Neutral,297978.76529999997,51.142857142857146,9725.139442857142,30.0,51.0,55.0
2024-06-27,0.0,0.0,30,130486.95,0.0,40.0,Fear,297978.76529999997,48.285714285714285,1513.931442857143,46.0,30.0,51.0
2024-06-29,6150.3261,82.0043,75,280095.11,0.32,30.0,Fear,304129.0914,43.57142857142857,2282.041142857143,40.0,46.0,30.0
2024-06-30,0.0,0.0,14,30520.69,0.0,47.0,Neutral,304129.0914,42.714285714285715,2173.9159142857143,30.0,40.0,46.0
2024-07-01,5065.8393,79.1537,64,362670.15,0.4062,53.0,Neutral,309194.93069999997,42.42857142857143,2897.607242857143,47.0,30.0,40.0
2024-07-02,2421.2531,134.5141,18,33347.47,0.7222,51.0,Neutral,311616.18379999994,42.42857142857143,3243.5005428571426,53.0,47.0,30.0
2024-07-03,1118.3873,62.1326,18,179600.66,0.2222,50.0,Neutral,312734.57109999994,45.285714285714285,2707.648285714286,51.0,53.0,47.0
2024-07-04,0.0,0.0,25,430568.01,0.0,44.0,Fear,312734.57109999994,45.0,2107.972257142857,50.0,51.0,53.0
2024-07-05,0.0,0.0,32,272289.89,0.0,29.0,Fear,312734.57109999994,43.42857142857143,2107.972257142857,44.0,50.0,51.0
2024-07-06,108.8722,4.5363,24,2490.17,0.2917,26.0,Fear,312843.4432999999,42.857142857142854,1244.9074142857141,29.0,44.0,50.0
2024-07-07,61.4289,6.1429,10,498.75,1.0,29.0,Fear,312904.8721999999,40.285714285714285,1253.6829714285711,26.0,29.0,44.0
2024-07-08,0.0,0.0,1,497.64,0.0,28.0,Fear,312904.8721999999,36.714285714285715,529.9916428571429,29.0,26.0,29.0
2024-07-09,648.9844,43.2656,15,2736.45,1.0,27.0,Fear,313553.85659999994,33.285714285714285,276.8104,28.0,29.0,26.0
2024-07-10,11977.7349,213.8881,56,687900.21,0.6786,28.0,Fear,325531.5914999999,30.142857142857142,1828.1457714285714,27.0,28.0,29.0
2024-07-11,1876.8121,98.7796,19,169887.02,0.4737,29.0,Fear,327408.4035999999,28.0,2096.261785714286,28.0,27.0,28.0
2024-07-12,1412.3147,74.3324,19,89582.97,0.4737,25.0,Fear,328820.7182999999,27.428571428571427,2298.0210285714284,29.0,28.0,27.0
2024-07-13,2913.6178,171.3893,17,139189.19,1.0,25.0,Fear,331734.3360999999,27.285714285714285,2698.6989714285714,25.0,29.0,28.0
2024-07-14,0.0,0.0,7,84001.13,0.0,33.0,Fear,331734.3360999999,27.857142857142858,2689.9234142857144,25.0,25.0,29.0
2024-07-15,-1.0,-0.0385,26,198344.85,0.0,52.0,Neutral,331733.3360999999,31.285714285714285,2689.7805571428576,33.0,25.0,25.0
2024-07-16,0.0,0.0,22,144000.57,0.0,65.0,Greed,331733.3360999999,36.714285714285715,2597.0685000000003,52.0,33.0,25.0
2024-07-17,1859.2695,5.2971,351,626005.53,0.4131,69.0,Greed,333592.6055999999,42.57142857142857,1151.573442857143,65.0,52.0,33.0
2024-07-18,3803.8843,63.3981,60,649704.85,0.8,61.0,Greed,337396.48989999987,47.142857142857146,1426.8694714285714,69.0,65.0,52.0
2024-07-19,2155.8911,93.7344,23,150269.42,0.5217,60.0,Greed,339552.3809999999,52.142857142857146,1533.0946714285715,61.0,69.0,65.0
2024-07-20,2299.1696,8.6435,266,244362.21,0.1241,74.0,Greed,341851.5505999999,59.142857142857146,1445.3163571428572,60.0,61.0,69.0
2024-07-21,-2960.7169,-6.6087,448,234307.46,0.0469,74.0,Greed,338890.8336999999,65.0,1022.3568000000001,74.0,60.0,61.0
2024-07-22,1517.1199,9.8514,154,304213.8,0.1429,70.0,Greed,340407.9535999999,67.57142857142857,1239.2310714285716,74.0,74.0,60.0
2024-07-23,89890.3022,242.9468,370,358526.54,0.8892,71.0,Greed,430298.2557999999,68.42857142857143,14080.702814285714,70.0,74.0,74.0
2024-07-24,625.5615,6.9507,90,69207.93,0.2,69.0,Greed,430923.81729999994,68.42857142857143,13904.458814285714,71.0,70.0,74.0
2024-07-25,916.7383,11.7531,78,528555.31,0.1282,68.0,Greed,431840.55559999996,69.42857142857143,13492.009385714284,69.0,71.0,70.0
2024-07-26,2766.5131,18.2007,152,548587.65,0.4013,68.0,Greed,434607.06869999995,70.57142857142857,13579.241100000001,68.0,69.0,71.0
2024-07-27,6400.6237,112.2916,57,905199.75,0.7368,72.0,Greed,441007.69239999994,70.28571428571429,14165.163114285713,68.0,68.0,69.0
2024-07-28,587.299,36.7062,16,43254.68,0.75,71.0,Greed,441594.99139999994,69.85714285714286,14672.022528571428,72.0,68.0,68.0
2024-07-29,330.8045,8.4822,39,327199.14,0.4103,74.0,Greed,441925.79589999997,70.42857142857143,14502.5489,71.0,72.0,68.0
2024-07-30,0.0,0.0,6,36006.47,0.0,67.0,Greed,441925.79589999997,69.85714285714286,1661.0771571428572,74.0,71.0,72.0
2024-07-31,765.6909,17.8068,43,84506.54,0.3256,61.0,Greed,442691.48679999996,68.71428571428571,1681.0956428571428,67.0,74.0,71.0
2024-08-01,167.08,2.9312,57,227774.53,0.0702,52.0,Neutral,442858.5668,66.42857142857143,1574.0015999999998,61.0,67.0,74.0
2024-08-02,782.3682,12.4185,63,396320.37,0.2698,57.0,Greed,443640.935,64.85714285714286,1290.5523285714287,52.0,61.0,67.0
2024-08-03,464.1897,12.5457,37,290532.86,0.027,37.0,Fear,444105.1247,59.857142857142854,442.49032857142856,57.0,52.0,61.0
2024-08-04,-122672.0009,-965.9213,127,1207744.07,0.0236,34.0,Fear,321433.1238,54.57142857142857,-17165.981085714284,37.0,57.0,52.0
2024-08-05,-13013.6652,-162.6708,80,420495.4,0.4125,26.0,Fear,308419.4586,47.714285714285715,-19072.333899999998,34.0,37.0,57.0
2024-08-06,267.318,2.4983,107,61478.38,0.1215,17.0,Extreme Fear,308686.77660000004,40.57142857142857,-19034.145614285713,26.0,34.0,37.0
2024-08-07,188.7893,5.7209,33,2492.77,0.303,29.0,Fear,308875.56590000005,36.0,-19116.56012857143,17.0,26.0,34.0
2024-08-08,-40.7122,-4.5236,9,16299.35,0.0,20.0,Extreme Fear,308834.85370000004,31.428571428571427,-19146.244728571426,29.0,17.0,26.0
2024-08-09,18082.0713,125.5699,144,503204.86,0.2986,48.0,Neutral,326916.92500000005,30.142857142857142,-16674.85857142857,20.0,29.0,17.0
2024-08-10,0.0,0.0,88,11339.29,0.0,40.0,Fear,326916.92500000005,30.571428571428573,-16741.171385714286,48.0,20.0,29.0
2024-08-11,847.7766,35.324,24,44230.21,0.1667,39.0,Fear,327764.70160000003,31.285714285714285,904.5111142857146,40.0,48.0,20.0
2024-08-12,858.6705,17.889,48,54167.32,0.125,25.0,Fear,328623.37210000004,31.142857142857142,2886.2733571428575,39.0,40.0,48.0
2024-08-13,212.081,9.2209,23,20797.87,0.3478,31.0,Fear,328835.45310000004,33.142857142857146,2878.3823571428575,25.0,39.0,40.0
2024-08-14,2168.9015,86.7561,25,66710.03,0.2,30.0,Fear,331004.3546,33.285714285714285,3161.255528571429,31.0,25.0,39.0
2024-08-15,0.0,0.0,12,1522.37,0.0,29.0,Fear,331004.3546,34.57142857142857,3167.071557142857,30.0,31.0,25.0
2024-08-16,825.2305,23.578,35,166382.84,0.0857,27.0,Fear,331829.5851,31.571428571428573,701.8085857142859,29.0,30.0,31.0
2024-08-17,-288.2831,-9.6094,30,30248.96,0.0,25.0,Fear,331541.302,29.428571428571427,660.6252857142857,27.0,29.0,30.0
2024-08-18,307.2019,20.4801,15,62804.48,0.8,31.0,Fear,331848.5039,28.285714285714285,583.4003285714286,25.0,27.0,29.0
2024-08-19,339.6996,42.4624,8,100315.03,0.625,28.0,Fear,332188.2035,28.714285714285715,509.26162857142873,31.0,25.0,27.0
2024-08-20,192.6028,16.0502,12,49914.8,0.0833,30.0,Fear,332380.8063,28.571428571428573,506.4790285714287,28.0,31.0,25.0
2024-08-21,656.2009,4.5255,145,104990.41,0.3724,26.0,Fear,333037.0072,28.0,290.378942857143,30.0,28.0,31.0
2024-08-23,1005.3053,100.5305,10,63509.56,0.3,34.0,Fear,334042.3125,28.714285714285715,433.9939857142859,26.0,30.0,28.0
2024-08-24,0.0,0.0,7,34999.67,0.0,56.0,Greed,334042.3125,32.857142857142854,316.1039142857144,34.0,26.0,30.0
2024-08-25,0.0,0.0,17,21950.28,0.0,54.0,Neutral,334042.3125,37.0,357.28721428571447,56.0,34.0,26.0
2024-08-26,231.2369,38.5395,6,92611.27,0.3333,55.0,Greed,334273.5494,40.42857142857143,346.4350714285716,54.0,56.0,34.0
2024-08-27,0.0,0.0,50,70250.16,0.0,48.0,Neutral,334273.5494,43.285714285714285,297.9065571428573,55.0,54.0,56.0
2024-08-28,1333.3596,148.1511,9,71160.07,0.2222,30.0,Fear,335606.90900000004,43.285714285714285,460.8718142857144,48.0,55.0,54.0
2024-08-29,0.0,0.0,1,9995.85,0.0,29.0,Fear,335606.90900000004,43.714285714285715,367.12882857142864,30.0,48.0,55.0
2024-08-30,256.464,42.744,6,37233.24,0.1667,34.0,Fear,335863.373,43.714285714285715,260.1515000000001,29.0,30.0,48.0
2024-08-31,10.8828,0.3201,34,107507.43,0.3529,29.0,Fear,335874.25580000004,39.857142857142854,261.7061857142858,34.0,29.0,30.0
2024-09-01,137.4331,11.4528,12,12359.68,0.4167,26.0,Fear,336011.68890000007,35.857142857142854,281.33948571428584,29.0,34.0,29.0
2024-09-02,0.0,0.0,2,30000.42,0.0,26.0,Fear,336011.68890000007,31.714285714285715,248.30564285714294,26.0,29.0,34.0
2024-09-04,1065.7851,31.3466,34,131480.97,0.1471,27.0,Fear,337077.47400000005,28.714285714285715,400.5606571428572,26.0,26.0,29.0
2024-09-05,0.0,0.0,1,0.84,0.0,29.0,Fear,337077.47400000005,28.571428571428573,210.08071428571444,27.0,26.0,26.0
2024-09-06,-1104.8568,-26.3061,42,39047.1,0.0,22.0,Extreme Fear,335972.61720000004,27.571428571428573,52.24402857142871,29.0,27.0,26.0
2024-09-08,0.0,0.0,1,0.11,0.0,29.0,Fear,335972.61720000004,26.857142857142858,15.60631428571442,22.0,29.0,27.0
2024-09-09,0.0,0.0,2,4014.43,0.0,26.0,Fear,335972.61720000004,26.428571428571427,14.051628571428706,29.0,22.0,29.0
2024-09-10,-219.7297,-73.2432,3,2547.28,0.0,33.0,Fear,335752.8875,27.428571428571427,-36.97162857142843,26.0,29.0,22.0
2024-09-11,0.0,0.0,1,0.54,0.0,37.0,Fear,335752.8875,29.0,-36.97162857142843,33.0,26.0,29.0
2024-09-14,0.0,0.0,11,1014.8,0.0,50.0,Neutral,335752.8875,32.285714285714285,-189.2266428571427,37.0,33.0,26.0
2024-09-18,-878.6848,-6.0599,145,13633.5,0.0,45.0,Neutral,334874.2027,34.57142857142857,-314.7530428571427,50.0,37.0,33.0
2024-09-19,0.0,0.0,19,1521.87,0.0,49.0,Neutral,334874.2027,38.42857142857143,-156.91635714285698,45.0,50.0,37.0
2024-09-20,9585.0343,599.0646,16,332873.38,0.5,54.0,Neutral,344459.237,42.0,1212.3742571428572,49.0,45.0,50.0
2024-09-21,36165.5693,1572.4161,23,165648.12,1.0,54.0,Neutral,380624.80630000005,46.0,6378.8841571428575,54.0,49.0,45.0
2024-09-22,0.0,0.0,3,19999.74,0.0,52.0,Neutral,380624.80630000005,48.714285714285715,6410.274114285715,54.0,54.0,49.0
2024-09-23,334.7608,167.3804,2,40334.29,0.5,50.0,Neutral,380959.56710000004,50.57142857142857,6458.097085714287,52.0,54.0,54.0
2024-09-24,0.0,0.0,10,7118.63,0.0,54.0,Neutral,380959.56710000004,51.142857142857146,6458.097085714287,50.0,52.0,54.0
2024-09-25,0.0,0.0,9,52754.13,0.0,59.0,Greed,380959.56710000004,53.142857142857146,6583.623485714286,54.0,50.0,52.0
2024-09-26,439.8125,54.9766,8,113711.93,0.25,50.0,Neutral,381399.37960000004,53.285714285714285,6646.453842857144,59.0,54.0,50.0
2024-09-27,0.0,0.0,56,126097.04,0.0,61.0,Greed,381399.37960000004,54.285714285714285,5277.1632285714295,50.0,59.0,54.0
2024-09-28,0.0,0.0,4,29199.21,0.0,64.0,Greed,381399.37960000004,55.714285714285715,110.65332857142857,61.0,50.0,59.0
2024-09-30,2710.6263,25.5719,106,214669.85,0.0472,61.0,Greed,384110.00590000005,57.0,497.88565714285716,64.0,61.0,50.0
2024-10-01,0.0,0.0,4,139954.32,0.0,50.0,Neutral,384110.00590000005,57.0,450.0626857142857,61.0,64.0,61.0
2024-10-02,0.0,0.0,4,99954.34,0.0,42.0,Fear,384110.00590000005,55.285714285714285,450.0626857142857,50.0,61.0,64.0
2024-10-03,100.3758,11.1529,9,132935.69,0.3333,37.0,Fear,384210.3817,52.142857142857146,464.40208571428565,42.0,50.0,61.0
2024-10-04,0.0,0.0,1,0.34,0.0,41.0,Fear,384210.3817,50.857142857142854,401.57172857142854,37.0,42.0,50.0
2024-10-05,5767.1619,155.8692,37,605605.74,0.6486,49.0,Neutral,389977.54360000003,49.142857142857146,1225.452,41.0,37.0,42.0
2024-10-06,130.4871,5.9312,22,300130.56,0.2273,50.0,Neutral,390108.03070000006,47.142857142857146,1244.0930142857142,49.0,41.0,37.0
2024-10-07,0.0,0.0,21,219984.65,0.0,50.0,Neutral,390108.03070000006,45.57142857142857,856.8606857142858,50.0,49.0,41.0
2024-10-08,5396.5466,149.9041,36,434584.13,0.9167,49.0,Neutral,395504.57730000006,45.42857142857143,1627.7959142857144,50.0,50.0,49.0
2024-10-09,396.0627,28.2902,14,220399.93,0.2143,49.0,Neutral,395900.6400000001,46.42857142857143,1684.3763,49.0,50.0,50.0
2024-10-10,0.0,0.0,16,300024.34,0.0,39.0,Fear,395900.6400000001,46.714285714285715,1670.0368999999998,49.0,49.0,50.0
2024-10-11,8885.3275,341.7434,26,488904.19,0.6923,32.0,Fear,404785.9675000001,45.42857142857143,2939.3694,39.0,49.0,49.0
2024-10-12,541.5547,54.1555,10,159713.4,0.7,49.0,Neutral,405327.52220000006,45.42857142857143,2192.8540857142857,32.0,39.0,49.0
2024-10-13,0.0,0.0,10,60002.42,0.0,50.0,Neutral,405327.52220000006,45.42857142857143,2174.2130714285713,49.0,32.0,39.0
2024-10-14,1913.6196,382.7239,5,61916.02,1.0,48.0,Neutral,407241.14180000004,45.142857142857146,2447.5872999999997,50.0,49.0,32.0
2024-10-15,1170.2261,167.1752,7,81173.36,0.5714,65.0,Greed,408411.36790000007,47.42857142857143,1843.8272285714283,48.0,50.0,49.0
2024-10-16,219.4809,19.9528,11,80229.17,0.2727,73.0,Greed,408630.8488000001,50.857142857142854,1818.601257142857,65.0,48.0,50.0
2024-10-17,36.115,4.0128,9,140531.75,0.1111,71.0,Greed,408666.9638000001,55.42857142857143,1823.7605428571428,73.0,65.0,48.0
2024-10-18,333.2191,55.5365,6,120331.43,0.8333,73.0,Greed,409000.1829000001,61.285714285714285,602.0307714285715,71.0,73.0,65.0
2024-10-19,0.0,0.0,4,99996.86,0.0,72.0,Greed,409000.1829000001,64.57142857142857,524.6658142857143,73.0,71.0,73.0
2024-10-20,389.1558,4.0537,96,176447.86,0.1146,73.0,Greed,409389.3387000001,67.85714285714286,580.2595,72.0,73.0,71.0
2024-10-21,2464.9156,14.2481,173,324117.99,0.3931,72.0,Greed,411854.2543000001,71.28571428571429,659.0160714285713,73.0,72.0,73.0
2024-10-22,0.0,0.0,3,60000.36,0.0,70.0,Greed,411854.2543000001,72.0,491.8409142857143,72.0,73.0,72.0
2024-10-23,-46.4899,-2.5828,18,210006.07,0.0,71.0,Greed,411807.7644000001,71.71428571428571,453.8450857142857,70.0,72.0,73.0
2024-10-25,13235.8621,441.1954,30,427883.18,0.7,72.0,Greed,425043.62650000013,71.85714285714286,2339.523242857143,71.0,70.0,72.0
2024-10-27,666.6623,166.6656,4,90664.41,0.75,74.0,Greed,425710.28880000015,72.0,2387.1579857142856,72.0,71.0,70.0
2024-10-28,167.2802,12.8677,13,121495.25,0.3077,72.0,Greed,425877.56900000013,72.0,2411.0551571428573,74.0,72.0,71.0
2024-10-29,801.1709,15.1164,53,613267.81,0.0566,72.0,Greed,426678.73990000016,71.85714285714286,2469.9144571428565,72.0,74.0,72.0
2024-10-30,9.15,0.366,25,11830.85,0.28,77.0,Extreme Greed,426687.8899000002,72.57142857142857,2119.0908,72.0,72.0,74.0
2024-10-31,1214.0438,25.2926,48,896173.36,0.7083,77.0,Extreme Greed,427901.93370000017,73.57142857142857,2292.5256285714286,77.0,72.0,72.0
2024-11-01,1040.4757,45.2381,23,260981.03,0.2609,75.0,Extreme Greed,428942.4094000002,74.14285714285714,2447.806428571428,77.0,77.0,72.0
2024-11-02,0.0,0.0,2,40000.0,0.0,72.0,Greed,428942.4094000002,74.14285714285714,556.9689857142855,75.0,77.0,77.0
2024-11-03,0.0,0.0,6,129055.66,0.0,74.0,Greed,428942.4094000002,74.14285714285714,461.73151428571407,72.0,75.0,77.0
2024-11-04,2799.4105,77.7614,36,451811.97,0.6389,70.0,Greed,431741.8199000002,73.85714285714286,837.7501285714283,74.0,72.0,75.0
2024-11-05,678.4759,67.8476,10,200627.23,0.5,70.0,Greed,432420.2958000002,73.57142857142857,820.2222714285712,70.0,74.0,72.0
2024-11-06,2817.8372,187.8558,15,123906.9,0.4667,70.0,Greed,435238.1330000002,72.57142857142857,1221.4632999999997,70.0,70.0,74.0
2024-11-07,4493.3531,39.7642,113,111335.3,0.531,77.0,Extreme Greed,439731.4861000002,72.57142857142857,1689.9360571428567,70.0,70.0,70.0
2024-11-08,-64.4135,-1.6516,39,270700.44,0.1538,75.0,Extreme Greed,439667.0726000002,72.57142857142857,1532.0947428571428,77.0,70.0,70.0
2024-11-09,102.9089,1.1966,86,193384.41,0.2209,75.0,Extreme Greed,439769.98150000017,73.0,1546.7960142857141,75.0,77.0,70.0
2024-11-10,991.1143,5.729,173,413636.7,0.2948,78.0,Extreme Greed,440761.0958000002,73.57142857142857,1688.3837714285712,75.0,75.0,77.0
2024-11-11,6749.631,18.0955,373,1570572.42,0.2466,76.0,Extreme Greed,447510.7268000002,74.42857142857143,2252.7009857142853,78.0,75.0,75.0
2024-11-12,3494.3994,20.4351,171,1226354.52,0.1988,80.0,Extreme Greed,451005.1262000002,75.85714285714286,2654.975771428571,76.0,78.0,75.0
2024-11-13,7846.4023,163.4667,48,515336.37,0.5625,84.0,Extreme Greed,458851.5285000002,77.85714285714286,3373.342214285714,80.0,76.0,78.0
2024-11-14,4563.5092,41.4864,110,1008361.81,0.2545,88.0,Extreme Greed,463415.0377000002,79.42857142857143,3383.364514285714,84.0,80.0,76.0
2024-11-15,4140.7404,27.7902,149,1427858.42,0.3691,80.0,Extreme Greed,467555.7781000002,80.14285714285714,3984.1007857142854,88.0,84.0,80.0
2024-11-16,2769.5219,17.6403,157,303296.07,0.3057,86.0,Extreme Greed,470325.3000000002,81.71428571428571,4365.045499999999,80.0,88.0,84.0
2024-11-17,882.9753,4.2248,209,1215987.57,0.2344,90.0,Extreme Greed,471208.2753000002,83.42857142857143,4349.59707142857,86.0,80.0,88.0
2024-11-18,4470.8152,12.9214,346,2084339.58,0.3584,83.0,Extreme Greed,475679.0905000002,84.42857142857143,4024.0519571428567,90.0,86.0,80.0
2024-11-19,2958.269,9.6992,305,628031.15,0.4918,90.0,Extreme Greed,478637.3595000002,85.85714285714286,3947.4618999999993,83.0,90.0,86.0
2024-11-20,4210.0929,7.6547,550,1999514.12,0.3982,83.0,Extreme Greed,482847.4524000002,85.71428571428571,3427.9891285714284,90.0,83.0,90.0
2024-11-21,1692.4309,3.1634,535,598300.62,0.3084,82.0,Extreme Greed,484539.88330000016,84.85714285714286,3017.8350857142846,83.0,90.0,83.0
2024-11-22,-18105.3456,-26.6647,679,1646713.62,0.3078,94.0,Extreme Greed,466434.53770000016,86.85714285714286,-160.17720000000085,82.0,83.0,90.0
2024-11-23,2901.5316,7.9932,363,516245.68,0.3526,93.0,Extreme Greed,469336.06930000015,87.85714285714286,-141.31867142857223,94.0,82.0,83.0
2024-11-24,945.5504,5.4974,172,664952.28,0.2674,80.0,Extreme Greed,470281.61970000016,86.42857142857143,-132.37937142857223,93.0,94.0,82.0
2024-11-25,5523.7407,21.6617,255,937410.87,0.4118,82.0,Extreme Greed,475805.3604000002,86.28571428571429,18.038557142856398,80.0,93.0,94.0
2024-11-26,1094.8094,3.6252,302,1146902.44,0.2914,79.0,Extreme Greed,476900.1698000002,84.71428571428571,-248.16995714285784,82.0,80.0,93.0
2024-11-27,-2654.4956,-12.4624,213,1444242.53,0.3474,75.0,Extreme Greed,474245.6742000002,83.57142857142857,-1228.8254571428577,79.0,82.0,80.0
2024-11-28,-127075.3996,-382.7572,332,1894225.15,0.3283,77.0,Extreme Greed,347170.2746000002,82.85714285714286,-19624.229814285714,75.0,79.0,82.0
2024-11-29,176844.9942,449.9873,393,794262.91,0.4885,78.0,Extreme Greed,524015.2688000002,80.57142857142857,8225.818728571425,77.0,75.0,79.0
2024-11-30,37316.6935,100.0448,373,1732193.7,0.4209,84.0,Extreme Greed,561331.9623000002,79.28571428571429,13142.270428571426,78.0,77.0,75.0
2024-12-01,40886.3645,98.2845,416,814711.82,0.5312,81.0,Extreme Greed,602218.3268000003,79.42857142857143,18848.101014285716,84.0,78.0,77.0
2024-12-02,18489.6043,68.48,270,585243.56,0.4074,80.0,Extreme Greed,620707.9311000003,79.14285714285714,20700.36724285714,81.0,84.0,78.0
2024-12-03,23576.5393,63.0389,374,1084666.53,0.4305,76.0,Extreme Greed,644284.4704000002,78.71428571428571,23912.04294285714,80.0,81.0,84.0
2024-12-04,292891.815,918.1562,319,769287.65,0.4639,78.0,Extreme Greed,937176.2854000002,79.14285714285714,66132.94445714286,76.0,80.0,81.0
2024-12-05,71574.1185,156.9608,456,1256750.79,0.4232,84.0,Extreme Greed,1008750.4039000002,80.14285714285714,94511.44704285715,78.0,76.0,80.0
2024-12-06,-92624.6439,-229.8378,403,3471019.22,0.2333,72.0,Greed,916125.7600000001,79.28571428571429,56015.784457142865,84.0,78.0,76.0
2024-12-07,85906.2791,282.5864,304,451733.42,0.4309,75.0,Extreme Greed,1002032.0391000002,78.0,62957.153828571434,72.0,84.0,78.0
2024-12-08,15965.9334,38.0141,420,932939.72,0.3619,79.0,Extreme Greed,1017997.9725000001,77.71428571428571,59397.09224285714,75.0,72.0,84.0
2024-12-09,6310.9677,11.7087,539,983949.68,0.3191,78.0,Extreme Greed,1024308.9402000002,77.42857142857143,57657.28701428572,79.0,75.0,72.0
2024-12-10,39325.7702,24.6402,1596,3150424.08,0.5871,78.0,Extreme Greed,1063634.7104000002,77.71428571428571,59907.177142857145,78.0,79.0,75.0
2024-12-11,319051.5542,261.3035,1221,2194098.33,0.7125,74.0,Greed,1382686.2646000003,77.14285714285714,63644.28274285714,78.0,78.0,79.0
2024-12-12,599151.795,310.12,1932,4557189.87,0.6998,83.0,Extreme Greed,1981838.0596000003,77.0,139012.52224285714,74.0,78.0,78.0
2024-12-13,31935.9017,27.2258,1173,2880824.64,0.4015,76.0,Extreme Greed,2013773.9613000003,77.57142857142857,156806.88590000002,83.0,74.0,78.0
2024-12-14,167801.3992,135.8716,1235,2369561.78,0.4737,83.0,Extreme Greed,2181575.3605000004,78.71428571428571,168506.18877142857,76.0,83.0,74.0
2024-12-15,97525.3153,57.4692,1697,2583269.81,0.2457,80.0,Extreme Greed,2279100.6758000003,78.85714285714286,180157.52904285718,83.0,76.0,83.0
2024-12-16,166774.3441,158.0799,1055,2740808.97,0.5071,83.0,Extreme Greed,2445875.0199,79.57142857142857,203080.86852857145,80.0,83.0,76.0
2024-12-17,219591.3052,113.1331,1941,5233597.63,0.4364,87.0,Extreme Greed,2665466.3251,80.85714285714286,228833.0878142857,83.0,80.0,83.0
2024-12-18,13682.9947,9.5752,1429,3798887.07,0.366,81.0,Extreme Greed,2679149.3198,81.85714285714286,185209.0078857143,87.0,83.0,80.0
2024-12-19,62744.0045,18.7913,3339,8241709.39,0.6149,75.0,Extreme Greed,2741893.3243,80.71428571428571,108579.32352857142,81.0,87.0,83.0
2024-12-20,254969.66,102.4798,2488,7681274.71,0.5559,74.0,Greed,2996862.9843,80.42857142857143,140441.289,75.0,81.0,87.0
2024-12-21,150022.1632,89.2458,1681,4382875.12,0.5497,73.0,Greed,3146885.1475,79.0,137901.39814285716,74.0,75.0,81.0
2024-12-22,352197.164,455.0351,774,3087320.22,0.4354,73.0,Greed,3499082.3115,78.0,174283.0908142857,73.0,74.0,75.0
2024-12-23,-29430.6266,-12.5397,2347,6771878.26,0.2902,70.0,Greed,3469651.6848999998,76.14285714285714,146253.8092857143,73.0,73.0,74.0
2024-12-24,14813.7801,43.8278,338,1767036.11,0.3373,73.0,Greed,3484465.465,74.14285714285714,116999.87712857142,70.0,73.0,73.0
2024-12-25,756.657,3.6378,208,347889.35,0.3029,73.0,Greed,3485222.122,73.0,115153.25745714284,73.0,70.0,73.0
2024-12-26,60228.6397,86.4112,697,2205242.65,0.5136,79.0,Extreme Greed,3545450.7617,73.57142857142857,114793.91962857144,73.0,73.0,70.0
2024-12-27,2672.811,10.28,260,347913.0,0.4231,74.0,Greed,3548123.5727000004,73.57142857142857,78751.51262857144,79.0,73.0,73.0
2024-12-28,940.6736,5.8427,161,281555.01,0.2298,72.0,Greed,3549064.2463,73.42857142857143,57454.156971428565,74.0,79.0,73.0
2024-12-29,2884.0679,14.3486,201,344628.54,0.3184,73.0,Greed,3551948.3142000004,73.42857142857143,7552.286099999999,72.0,74.0,79.0
2024-12-30,9009.7381,29.6373,304,1073865.73,0.3947,65.0,Greed,3560958.0523000006,72.71428571428571,13043.766771428573,73.0,72.0,74.0
2024-12-31,5445.0128,17.7942,306,877164.62,0.3007,64.0,Greed,3566403.0651000007,71.42857142857143,11705.371442857142,65.0,73.0,72.0
2025-01-01,-9528.0653,-99.2507,96,282582.1,0.3021,66.0,Greed,3556874.999800001,70.42857142857143,10236.125399999999,64.0,65.0,73.0
2025-01-02,8716.5191,24.1455,361,774674.84,0.4571,70.0,Greed,3565591.518900001,69.14285714285714,2877.2510285714284,66.0,64.0,65.0
2025-01-03,6028.4868,11.8671,508,771208.99,0.2717,74.0,Greed,3571620.005700001,69.14285714285714,3356.633285714285,70.0,66.0,64.0
2025-01-04,2553.538,6.8829,371,1826029.62,0.2022,73.0,Greed,3574173.543700001,69.28571428571429,3587.0424857142857,74.0,70.0,66.0
2025-01-05,3187.7194,13.3377,239,451943.57,0.4184,72.0,Greed,3577361.263100001,69.14285714285714,3630.4212714285713,73.0,74.0,70.0
2025-01-06,6064.1854,10.5832,573,556526.99,0.1553,76.0,Extreme Greed,3583425.448500001,70.71428571428571,3209.6280285714283,72.0,73.0,74.0
2025-01-07,16098.2275,25.2719,637,1313178.1,0.7614,78.0,Extreme Greed,3599523.676000001,72.71428571428571,4731.515842857143,76.0,72.0,73.0
2025-01-08,130117.0906,125.233,1039,3177275.18,0.3715,70.0,Greed,3729640.7666000007,73.28571428571429,24680.823828571425,78.0,76.0,72.0
2025-01-09,46975.9289,89.9922,522,1020733.25,0.2778,69.0,Greed,3776616.695500001,73.14285714285714,30146.4538,70.0,78.0,76.0
2025-01-10,-10116.8756,-12.3527,819,6547449.68,0.5275,50.0,Neutral,3766499.819900001,69.71428571428571,27839.97345714286,69.0,70.0,78.0
2025-01-11,2269.0805,8.018,283,1658098.71,0.2438,69.0,Greed,3768768.900400001,69.14285714285714,27799.336671428573,50.0,69.0,70.0
2025-01-12,5742.2418,9.5386,602,2258459.17,0.7841,62.0,Greed,3774511.142200001,67.71428571428571,28164.268442857145,69.0,50.0,69.0
2025-01-13,9655.4294,23.6653,408,2936648.01,0.3873,61.0,Greed,3784166.571600001,65.57142857142857,28677.3033,62.0,69.0,50.0
2025-01-14,16069.5124,58.4346,275,876581.97,0.4982,63.0,Greed,3800236.0840000007,63.42857142857143,28673.201142857142,61.0,62.0,69.0
2025-01-15,14819.5883,55.5041,267,1801599.89,0.4607,70.0,Greed,3815055.6723000007,63.42857142857143,12202.129385714286,63.0,61.0,62.0
2025-01-16,20807.7093,56.0855,371,3049692.96,0.3423,75.0,Extreme Greed,3835863.381600001,64.28571428571429,8463.8123,70.0,63.0,61.0
2025-01-17,7006.4156,29.4387,238,1110230.46,0.5294,75.0,Extreme Greed,3842869.797200001,67.85714285714286,10909.996757142857,75.0,70.0,63.0
2025-01-18,443.2331,0.6808,651,2711629.88,0.381,77.0,Extreme Greed,3843313.0303000007,69.0,10649.161414285714,75.0,75.0,70.0
2025-01-19,87923.7993,56.1096,1567,9715215.3,0.2023,77.0,Extreme Greed,3931236.8296000008,71.14285714285714,22389.383914285714,77.0,75.0,75.0
2025-01-20,87277.2392,66.3705,1315,8287327.01,0.5224,76.0,Extreme Greed,4018514.068800001,73.28571428571429,33478.213885714285,77.0,77.0,75.0
2025-01-21,11077.8394,20.9016,530,1523729.82,0.3868,76.0,Extreme Greed,4029591.908200001,75.14285714285714,32765.117742857143,76.0,77.0,77.0
2025-01-22,20524.4081,24.6688,832,1778406.43,0.2812,84.0,Extreme Greed,4050116.316300001,77.14285714285714,33580.092,76.0,76.0,77.0
2025-01-23,101256.2422,83.1332,1218,3697028.66,0.6609,75.0,Extreme Greed,4151372.558500001,77.14285714285714,45072.73955714285,84.0,76.0,76.0
2025-01-24,10602.7797,12.1313,874,1611433.45,0.5584,75.0,Extreme Greed,4161975.338200001,77.14285714285714,45586.50585714285,75.0,84.0,76.0
2025-01-25,-10348.0163,-20.4506,506,1239377.7,0.2787,75.0,Extreme Greed,4151627.3219000013,76.85714285714286,44044.8988,75.0,75.0,84.0
2025-01-26,40823.4667,90.5177,451,1201173.66,0.4346,73.0,Greed,4192450.7886000015,76.28571428571429,37316.27985714286,75.0,75.0,75.0
2025-01-27,41331.7654,53.4693,773,1508028.31,0.4761,71.0,Greed,4233782.554000001,75.57142857142857,30752.640742857144,73.0,75.0,75.0
2025-01-28,17979.614,36.1036,498,579412.17,0.6285,72.0,Greed,4251762.168000001,75.0,31738.608542857142,71.0,73.0,75.0
2025-01-29,23421.0115,25.7374,910,1897513.41,0.4165,72.0,Greed,4275183.1795000015,73.28571428571429,32152.409028571426,72.0,71.0,73.0
2025-01-30,23097.4714,21.6471,1067,3014397.17,0.3468,70.0,Greed,4298280.650900002,72.57142857142857,20986.870342857143,72.0,72.0,71.0
2025-01-31,35868.2968,35.3034,1016,2783411.48,0.5413,76.0,Extreme Greed,4334148.947700001,72.71428571428571,24596.229928571433,70.0,72.0,72.0
2025-02-01,32300.205,50.9467,634,1363746.44,0.5962,68.0,Greed,4366449.152700001,71.71428571428571,30688.832971428572,76.0,70.0,72.0
2025-02-02,162854.7596,123.4684,1319,5661092.29,0.3586,60.0,Greed,4529303.912300002,69.85714285714286,48121.874814285715,68.0,76.0,70.0
2025-02-03,348871.3263,146.5846,2380,22592901.37,0.4634,44.0,Fear,4878175.238600002,66.0,92056.0978,60.0,68.0,76.0
2025-02-04,416876.8881,165.9542,2512,15678409.27,0.2767,72.0,Greed,5295052.126700002,66.0,149041.4226714286,44.0,60.0,68.0
2025-02-05,56706.2356,43.7211,1297,8743231.51,0.3215,54.0,Neutral,5351758.362300002,63.42857142857143,153796.4546857143,72.0,44.0,60.0
2025-02-06,33803.7997,19.8496,1703,2818508.87,0.461,49.0,Neutral,5385562.162000002,60.42857142857143,155325.93015714287,54.0,72.0,44.0
2025-02-07,22450.0021,14.731,1524,3460263.54,0.2822,44.0,Fear,5408012.1641000025,55.857142857142854,153409.03091428571,49.0,54.0,72.0
2025-02-08,586.7033,1.0204,575,839734.97,0.1913,44.0,Fear,5408598.867400003,52.42857142857143,148878.53067142857,44.0,49.0,54.0
2025-02-09,150551.8295,197.0574,764,2920919.7,0.4306,46.0,Neutral,5559150.696900003,50.42857142857143,147120.96922857143,44.0,44.0,49.0
2025-02-10,63908.4946,71.8881,889,3624958.44,0.4781,43.0,Fear,5623059.1915000025,50.285714285714285,106411.99327142858,46.0,44.0,44.0
2025-02-11,-6093.7848,-7.1861,848,2797544.17,0.2182,47.0,Neutral,5616965.406700003,46.714285714285715,45987.61142857142,43.0,46.0,44.0
2025-02-12,19848.635,19.2518,1031,4143974.54,0.4627,46.0,Neutral,5636814.041700003,45.57142857142857,40722.23991428571,47.0,43.0,46.0
2025-02-13,27829.5342,20.3135,1370,3199852.21,0.4679,50.0,Neutral,5664643.575900002,45.714285714285715,39868.773414285715,46.0,47.0,43.0
2025-02-14,213860.6753,129.221,1655,4007103.42,0.429,48.0,Neutral,5878504.251200003,46.285714285714285,67213.1553,50.0,46.0,47.0
2025-02-15,45042.927,48.3293,932,1712852.95,0.4303,50.0,Neutral,5923547.178200003,47.142857142857146,73564.0444,48.0,50.0,46.0
2025-02-16,2369.4784,3.4794,681,806177.64,0.4405,54.0,Neutral,5925916.656600003,48.285714285714285,52395.1371,50.0,48.0,50.0
2025-02-17,1818.5733,1.9326,941,2031044.64,0.2242,51.0,Neutral,5927735.229900003,49.42857142857143,43525.148342857145,54.0,50.0,48.0
2025-02-18,91204.6724,54.4181,1676,3371128.68,0.5119,47.0,Neutral,6018939.902300003,49.42857142857143,57424.92794285714,51.0,54.0,50.0
2025-02-19,14985.7947,11.0109,1361,3263930.24,0.4276,44.0,Fear,6033925.697000003,49.142857142857146,56730.23647142857,47.0,51.0,54.0
2025-02-20,46008.7941,22.8672,2012,4628609.29,0.4791,49.0,Neutral,6079934.491100003,49.0,59327.2736,44.0,47.0,51.0
2025-02-21,119693.494,63.9047,1873,3972159.88,0.5222,55.0,Greed,6199627.985100003,50.0,45874.81912857143,49.0,44.0,47.0
2025-02-22,25278.7042,36.8494,686,3175570.2,0.4971,49.0,Neutral,6224906.6893000025,49.857142857142854,43051.35872857143,55.0,49.0,44.0
2025-02-23,10656.9343,20.4941,520,1141310.74,0.45,50.0,Neutral,6235563.623600002,49.285714285714285,44235.281,49.0,55.0,49.0
2025-02-24,38470.1762,6.8501,5616,11223619.59,0.3967,49.0,Neutral,6274033.799800002,49.0,49471.224271428575,50.0,49.0,55.0
2025-02-25,204762.177,32.7829,6246,19414984.36,0.2606,25.0,Fear,6478795.976800002,45.857142857142854,65693.72492857142,49.0,50.0,49.0
2025-02-26,63229.0631,53.7662,1176,4946958.13,0.6709,21.0,Extreme Fear,6542025.039900002,42.57142857142857,72585.62041428572,25.0,49.0,50.0
2025-02-27,-36525.1675,-41.0395,890,1999898.43,0.2775,10.0,Extreme Fear,6505499.872400002,37.0,60795.05447142857,21.0,25.0,49.0
2025-02-28,225628.1087,221.4211,1019,4123660.77,0.3886,16.0,Extreme Fear,6731127.981100001,31.428571428571427,75928.57085714287,10.0,21.0,25.0
2025-03-01,10596.109,60.8972,174,263824.13,0.4483,20.0,Extreme Fear,6741724.090100002,27.285714285714285,73831.05725714286,16.0,10.0,21.0
2025-03-02,66914.3207,125.7788,532,6460848.74,0.5019,26.0,Fear,6808638.410800002,23.857142857142858,81867.82674285714,20.0,16.0,10.0
2025-03-03,616413.0322,415.9332,1482,8244590.38,0.6154,33.0,Fear,7425051.443000002,21.571428571428573,164431.0918857143,26.0,20.0,16.0
2025-03-04,182075.5666,75.8017,2402,11124247.15,0.2535,15.0,Extreme Fear,7607127.009600001,20.142857142857142,161190.14754285713,33.0,26.0,20.0
2025-03-05,269328.3659,162.246,1660,9193654.22,0.7584,20.0,Extreme Fear,7876455.375500001,20.0,190632.9050857143,15.0,33.0,26.0
2025-03-06,16101.1256,21.1857,760,6765324.96,0.4803,25.0,Fear,7892556.501100001,22.142857142857142,198150.94695714285,20.0,15.0,33.0
2025-03-07,150236.0616,58.8699,2552,19854275.48,0.5223,34.0,Fear,8042792.562700001,24.714285714285715,187380.65451428574,25.0,20.0,15.0
2025-03-08,24700.7734,46.6933,529,892083.51,0.569,28.0,Fear,8067493.336100001,25.857142857142858,189395.60657142854,34.0,25.0,20.0
2025-03-09,19773.4574,13.9054,1422,10419697.99,0.4409,27.0,Fear,8087266.793500001,26.0,182661.19752857144,28.0,34.0,25.0
2025-03-10,-10010.0273,-3.4387,2911,16811790.68,0.3975,20.0,Extreme Fear,8077256.7662,24.142857142857142,93172.18902857143,27.0,28.0,34.0
2025-03-11,-76880.729,-23.3964,3286,14016952.09,0.1875,24.0,Extreme Fear,8000376.0372,25.428571428571427,56178.43251428571,20.0,27.0,28.0
2025-03-12,288105.9842,72.6074,3968,18618139.15,0.5645,34.0,Fear,8288482.0214,27.428571428571427,58860.949414285715,24.0,20.0,27.0
2025-03-13,14114.8709,14.6724,962,3285591.22,0.4574,45.0,Neutral,8302596.8923,30.285714285714285,58577.19874285714,34.0,24.0,20.0
2025-03-14,68646.1601,31.0616,2210,8047187.16,0.8538,27.0,Fear,8371243.0524,29.285714285714285,46921.498528571436,45.0,34.0,24.0
2025-03-15,78694.6246,301.512,261,2355749.54,0.5939,46.0,Neutral,8449937.677000001,31.857142857142858,54634.905842857144,27.0,45.0,34.0
2025-03-16,-7910.9435,-14.9263,530,10187921.51,0.2321,30.0,Fear,8442026.733500002,32.285714285714285,50679.991428571426,46.0,27.0,45.0
2025-03-17,26163.9065,28.439,920,3592895.05,0.4533,32.0,Fear,8468190.640000002,34.0,55847.69625714286,30.0,46.0,27.0
2025-03-18,72322.7888,86.718,834,4050655.47,0.2254,34.0,Fear,8540513.428800002,35.42857142857143,77162.48451428571,32.0,30.0,46.0
2025-03-19,29374.6823,18.2225,1612,4598813.57,0.4163,32.0,Fear,8569888.111100001,35.142857142857146,40200.86995714286,34.0,32.0,30.0
2025-03-20,10246.8594,13.2903,771,1652257.93,0.4086,49.0,Neutral,8580134.970500002,35.714285714285715,39648.296885714284,32.0,34.0,32.0
2025-03-21,6951.2704,9.9588,698,2543903.39,0.5,31.0,Fear,8587086.240900002,36.285714285714285,30834.741214285714,49.0,32.0,34.0
2025-03-22,12498.5353,23.3617,535,971809.42,0.4748,32.0,Fear,8599584.776200002,34.285714285714285,21378.15702857143,31.0,49.0,32.0
2025-03-23,14047.4216,31.426,447,2593519.67,0.3266,30.0,Fear,8613632.197800001,34.285714285714285,24515.06632857143,32.0,31.0,49.0
2025-03-24,107878.9613,105.0428,1027,3017587.05,0.6154,45.0,Neutral,8721511.159100002,36.142857142857146,36188.64558571428,30.0,32.0,31.0
2025-03-25,32030.9068,40.4942,791,5372519.77,0.3616,46.0,Neutral,8753542.065900002,37.857142857142854,30432.662442857145,45.0,30.0,32.0
2025-03-26,15802.1674,5.0942,3102,7597754.37,0.2711,47.0,Neutral,8769344.233300002,40.0,28493.73174285714,46.0,45.0,30.0
2025-03-27,58825.3592,74.9368,785,3240279.46,0.3338,40.0,Fear,8828169.592500003,38.714285714285715,35433.51742857143,47.0,46.0,45.0
2025-03-28,21337.1793,29.3093,728,1483092.61,0.3173,44.0,Fear,8849506.771800004,40.57142857142857,37488.64727142857,40.0,47.0,46.0
2025-03-29,12098.8729,6.388,1894,3668151.83,0.3559,26.0,Fear,8861605.644700004,39.714285714285715,37431.55264285715,44.0,40.0,47.0
2025-03-30,15795.1151,27.8083,568,2850874.96,0.1655,32.0,Fear,8877400.759800004,40.0,37681.22314285715,26.0,44.0,40.0
2025-03-31,6978.1846,14.0973,495,2164772.47,0.5232,34.0,Fear,8884378.944400003,38.42857142857143,23266.82647142857,32.0,26.0,44.0
2025-04-01,-2202.6622,-11.4722,192,704445.19,0.4583,34.0,Fear,8882176.282200003,36.714285714285715,18376.316614285715,34.0,32.0,26.0
2025-04-02,202212.7409,187.9301,1076,3867930.6,0.895,44.0,Fear,9084389.023100004,36.285714285714285,45006.39854285715,34.0,34.0,32.0
2025-04-03,-2365.9613,-1.3535,1748,8670233.15,0.2975,25.0,Fear,9082023.061800003,34.142857142857146,36264.78132857143,44.0,34.0,34.0
2025-04-04,-25515.6789,-20.0595,1272,3835545.73,0.3876,28.0,Fear,9056507.382900003,31.857142857142858,29571.51587142857,25.0,44.0,34.0
2025-04-05,35907.3377,99.7426,360,1267564.22,0.5806,30.0,Fear,9092414.720600003,32.42857142857143,32972.72512857143,28.0,25.0,44.0
2025-04-06,47053.4493,44.8983,1048,3551252.06,0.3168,34.0,Fear,9139468.169900004,32.714285714285715,37438.20144285714,30.0,28.0,25.0
2025-04-07,34527.3703,12.2699,2814,14460253.14,0.2392,23.0,Extreme Fear,9173995.540200004,31.142857142857142,41373.7994,34.0,30.0,28.0
2025-04-08,34899.3948,37.0089,943,8869391.4,0.4093,24.0,Extreme Fear,9208894.935000004,29.714285714285715,46674.09325714286,23.0,34.0,30.0
2025-04-09,43120.4448,10.8698,3967,28556806.47,0.4306,18.0,Extreme Fear,9252015.379800005,26.0,23946.622385714287,24.0,23.0,34.0
2025-04-10,158261.8223,74.4061,2127,28741953.29,0.5289,39.0,Fear,9410277.202100005,28.0,46893.44861428571,18.0,24.0,23.0
2025-04-11,126406.4791,115.3344,1096,11319327.07,0.3358,25.0,Fear,9536683.681200005,27.571428571428573,68596.61404285715,39.0,18.0,24.0
2025-04-12,410419.6945,194.6039,2109,55914617.49,0.2722,43.0,Fear,9947103.375700004,29.428571428571427,122098.37930000002,25.0,39.0,18.0
2025-04-13,48696.0215,36.863,1321,14171154.79,0.3618,45.0,Neutral,9995799.397200005,31.0,122333.03247142858,43.0,25.0,39.0
2025-04-14,45680.4431,51.3263,890,13079972.98,0.4225,31.0,Fear,10041479.840300005,32.142857142857146,123926.32858571429,45.0,43.0,25.0
2025-04-15,72357.7063,63.9768,1131,20752168.24,0.5721,38.0,Fear,10113837.546600005,34.142857142857146,129277.51594285714,31.0,45.0,43.0
2025-04-16,58631.7303,36.4625,1608,36502715.9,0.3402,29.0,Fear,10172469.276900005,35.714285714285715,131493.41387142858,38.0,31.0,45.0
2025-04-17,5427.9199,5.2647,1031,2604551.51,0.3036,30.0,Fear,10177897.196800005,34.42857142857143,109659.99924285714,29.0,38.0,31.0
2025-04-18,4880.4047,2.5768,1894,24610650.46,0.5127,33.0,Fear,10182777.601500005,35.57142857142857,92299.13147142857,30.0,29.0,38.0
2025-04-19,71950.5775,25.8258,2786,32706462.71,0.2922,32.0,Fear,10254728.179000005,34.0,43946.40047142858,33.0,30.0,29.0
2025-04-20,25060.3419,12.644,1982,12126094.05,0.3986,37.0,Fear,10279788.520900005,32.857142857142854,40569.87481428572,32.0,33.0,30.0
2025-04-21,34369.2679,20.0054,1718,42104054.84,0.3941,39.0,Fear,10314157.788800005,34.0,38953.99264285715,37.0,32.0,33.0
2025-04-22,58652.7636,19.564,2998,33753625.24,0.2962,47.0,Neutral,10372810.552400004,35.285714285714285,36996.14368571429,39.0,37.0,32.0
2025-04-23,-419020.2257,-68.0338,6159,30682443.79,0.3247,72.0,Greed,9953790.326700004,41.42857142857143,-31239.85002857142,47.0,39.0,37.0
2025-04-24,50704.396,22.717,2232,35088918.64,0.4135,63.0,Greed,10004494.722700004,46.142857142857146,-24771.78201428571,72.0,47.0,39.0
2025-04-25,20218.8592,12.2316,1653,27749455.78,0.386,60.0,Greed,10024713.581900004,50.0,-22580.57422857142,63.0,72.0,47.0
2025-04-26,-4125.7539,-3.6479,1131,11948127.77,0.1724,65.0,Greed,10020587.828000003,54.714285714285715,-33448.621571428564,60.0,63.0,72.0
2025-04-27,2702.0675,8.018,337,487537.69,0.3561,61.0,Greed,10023289.895500004,58.142857142857146,-36642.660771428564,65.0,60.0,63.0
2025-04-28,36906.8138,26.7635,1379,26124921.49,0.417,54.0,Neutral,10060196.709300004,60.285714285714285,-36280.15421428571,61.0,65.0,60.0
2025-04-29,125749.6134,56.0631,2243,34089511.66,0.432,60.0,Greed,10185946.322700003,62.142857142857146,-26694.88995714285,54.0,61.0,65.0
2025-04-30,14003.7973,12.582,1113,12693878.85,0.265,56.0,Greed,10199950.120000003,59.857142857142854,35165.684757142866,60.0,54.0,61.0
2025-05-01,54536.8293,44.3389,1230,10720240.52,0.4309,53.0,Neutral,10254486.949300002,58.42857142857143,35713.17522857144,56.0,60.0,54.0
